Country Name,Country Code,Time,Time Code,Access to Clean Fuels and Technologies for cooking (% of total population) [2.1_ACCESS.CFT.TOT],Access to electricity (% of rural population with access) [1.2_ACCESS.ELECTRICITY.RURAL],Access to electricity (% of total population) [1.1_ACCESS.ELECTRICITY.TOT],Access to electricity (% of urban population with access) [1.3_ACCESS.ELECTRICITY.URBAN],Energy intensity level of primary energy (MJ/2011 USD PPP) [6.1_PRIMARY.ENERGY.INTENSITY],Renewable electricity output (GWh) [4.1.2_REN.ELECTRICITY.OUTPUT],Renewable electricity share of total electricity output (%) [4.1_SHARE.RE.IN.ELECTRICITY],Renewable energy consumption (TJ) [3.1_RE.CONSUMPTION],Renewable energy share of TFEC (%) [2.1_SHARE.TOTAL.RE.IN.TFEC],Total electricity output (GWh) [4.1.1_TOTAL.ELECTRICITY.OUTPUT],Total final energy consumption (TFEC) (TJ) [1.1_TOTAL.FINAL.ENERGY.CONSUM]
Ethiopia,ETH,1990,YR1990,20.177310924369753,26.409036520692307,0.01,73.69351959,30.62777387,1062.0,88.35274542,744589.6,96.63538677,1202.0,770514.4304
Ethiopia,ETH,1991,YR1991,20.177310924369753,26.409036520692307,0.01,74.27735901,34.11260658,1082.0,89.49545079,771364.8,96.71128918,1209.0,797595.4065
Ethiopia,ETH,1992,YR1992,20.177310924369753,26.409036520692307,0.027324773,74.86102295,38.26219649,1151.0,92.74778405,799706.7,97.74041451,1241.0,818194.5043
Ethiopia,ETH,1993,YR1993,20.177310924369753,26.409036520692307,0.157241911,75.44366455,35.23218429,1263.0,91.32321041,828873.0,97.19865822,1383.0,852761.7718
Ethiopia,ETH,1994,YR1994,20.177310924369753,26.409036520692307,0.598653972,76.02423859,35.46826961,1354.0,93.3149552,858338.6,96.88388584,1451.0,885945.6787
Ethiopia,ETH,1995,YR1995,20.177310924369753,26.409036520692307,1.11878562,76.60171509,34.65784112,1428.0,93.51669941,887468.7,96.62013956,1527.0,918513.1631
Ethiopia,ETH,1996,YR1996,20.177310924369753,26.409036520692307,2.780768871,77.17507935,31.87746437,1510.0,94.19837804,916096.3,96.35197819,1603.0,950780.9982
Ethiopia,ETH,1997,YR1997,20.177310924369753,26.409036520692307,4.427456856,77.74328613,31.79393618,1566.0,97.0260223,944380.2,96.22085637,1614.0,981471.4145
Ethiopia,ETH,1998,YR1998,20.177310924369753,26.409036520692307,6.055789948,78.30530548,33.94198341,1605.0,97.09618875,972518.4,96.10024144,1653.0,1011983.306
Ethiopia,ETH,1999,YR1999,20.177310924369753,26.409036520692307,7.662709236,78.86011505,33.18132473,1625.0,98.84428224,1000973.0,96.18948969,1644.0,1040626.167
Ethiopia,ETH,2000,YR2000,1.07,0.4,12.7,76.2,32.25185376,1651.0,98.6260454,1030460.0,95.95322791,1674.0,1073919.057
Ethiopia,ETH,2001,YR2001,1.18,26.409036520692307,10.81223297,79.94909668,30.90028904,1993.0,99.055666,1060641.0,95.07856408,2012.0,1115541.668
Ethiopia,ETH,2002,YR2002,1.31,0.232356547,12.36544323,80.48825836,31.34304557,2023.0,98.97260274,1092337.0,95.01673159,2044.0,1149625.947
Ethiopia,ETH,2003,YR2003,1.46,1.779477726,13.91236973,81.02762604,33.05451195,2280.0,99.30313589,1124363.0,94.74581801,2296.0,1186715.175
Ethiopia,ETH,2004,YR2004,1.58,3.328514641,15.45907593,81.57000732,29.97482643,2521.0,99.29105947,1157129.0,94.65854624,2539.0,1222424.225
Ethiopia,ETH,2005,YR2005,1.79,1.9,14.0,85.7,27.46927338,2833.0,99.57820738,1190596.0,95.12657887,2845.0,1251591.316
Ethiopia,ETH,2006,YR2006,1.96,6.458382128,18.57607841,82.67510223,25.5342218,3259.0,99.69409605,1224271.0,94.94232726,3269.0,1289489.141
Ethiopia,ETH,2007,YR2007,2.1,8.038465951,20.15850067,83.24344635,23.62806956,3385.0,95.43276008,1257832.0,94.57412114,3547.0,1329995.97
Ethiopia,ETH,2008,YR2008,2.36,9.490819639,21.76344299,83.82530212,21.97238829,3310.0,87.6356897,1293008.0,94.51607097,3777.0,1368029.782
Ethiopia,ETH,2009,YR2009,2.51,10.9688875,23.38941193,84.41965485,20.75798563,3548.0,88.87775551,1329398.0,94.60484215,3992.0,1405211.372
Ethiopia,ETH,2010,YR2010,2.69,12.46716078,25.0334053,85.02472687,18.96226638,4949.0,99.37751004,1369480.0,94.51739029,4980.0,1448918.549
Ethiopia,ETH,2011,YR2011,2.82,4.8,23.0,85.2,17.63183002,6299.0,99.41603535,1409211.0,94.01290641,6336.0,1498954.828
Ethiopia,ETH,2012,YR2012,3.01,15.51644287,28.36344719,86.25985718,16.69481066,7580.0,99.84193888,1449682.0,93.75025898,7608.0,1546323.195
Ethiopia,ETH,2013,YR2013,3.11,17.06340073,30.04348755,86.88635254,15.62376818,8694.0,99.90806711,1490084.0,93.00085661,8719.0,1602226.102
Ethiopia,ETH,2014,YR2014,3.25,12.2,27.2,91.98251748,14.67318586,9512.0,99.96847084,1529822.0,92.06765188,9615.0,1661628.128
Ethiopia,ETH,2015,YR2015,3.4,20.18473012,33.41859055,88.14826965,13.66926417,10433.0,99.96167481,1574274.0,92.16346114,10437.0,1708132.464
Ethiopia,ETH,2016,YR2016,3.51,26.5,42.9,85.4,14.771833664140127,3368.3241758241757,34.7871172652967,272602.86246153846,69.80962819497469,16413.205555555556,500494.0735054395
Kenya,KEN,1990,YR1990,20.177310924369753,26.409036520692307,3.318389893,35.90447235,8.050731568,3004.0,92.85935085,239306.3,77.5040046,3235.0,308766.3679
Kenya,KEN,1991,YR1991,20.177310924369753,26.409036520692307,4.614890099,37.33704376,8.08558214,3274.0,95.34071054,247718.6,78.82613152,3434.0,314259.4914
Kenya,KEN,1992,YR1992,20.177310924369753,26.409036520692307,5.910881042,38.76944351,8.365221535,3282.0,95.71303587,255913.1,79.44379516,3429.0,322131.0104
Kenya,KEN,1993,YR1993,20.177310924369753,3.4,10.9,42.5,8.543692938,3485.0,96.37721239,264335.4,80.20642471,3616.0,329568.8606
Kenya,KEN,1994,YR1994,20.177310924369753,1.23974585,8.490625381,41.63011932,8.416198844,3451.0,94.26386233,272211.9,80.83032369,3661.0,336769.5285
Kenya,KEN,1995,YR1995,20.177310924369753,2.330503631,9.768261909,43.05633545,8.44621975,3675.0,89.83133708,279272.9,79.51198685,4091.0,351233.7084
Kenya,KEN,1996,YR1996,20.177310924369753,3.402088529,11.03366089,44.47842789,8.406214026,3869.0,90.50292398,287159.7,78.73470094,4275.0,364718.0933
Kenya,KEN,1997,YR1997,20.177310924369753,4.451751017,12.28376484,45.89536667,8.466146198,3747.0,83.43353373,293447.1,79.53796915,4491.0,368939.6437
Kenya,KEN,1998,YR1998,20.177310924369753,4.3,14.5,47.5,8.502763008,3786.0,81.98354266,300702.7,79.67732846,4618.0,377400.5803
Kenya,KEN,1999,YR1999,20.177310924369753,6.46750824,14.72585011,48.70966339,8.493526824,2940.0,66.38067284,305338.0,79.45869997,4429.0,384272.5845
Kenya,KEN,2000,YR2000,1.99,7.422763352,15.9132328,50.10559845,8.740964497,1882.0,46.9795307,309834.8,79.03537161,4006.0,392020.4254
Kenya,KEN,2001,YR2001,2.35,8.34983122,17.08220673,51.49610901,8.537262418,3006.0,66.59282233,320922.8,80.23601499,4514.0,399973.5032
Kenya,KEN,2002,YR2002,2.68,9.255231707,18.23883247,52.88400269,8.603815797,3627.0,78.0167778,331081.3,80.54352768,4649.0,411058.8517
Kenya,KEN,2003,YR2003,3.15,4.6,16.0,50.2,8.541867478,4169.0,83.61411953,341173.8,83.18299028,4986.0,410148.5158
Kenya,KEN,2004,YR2004,3.65,11.02740473,20.5392971,55.66321945,8.544197069,4026.0,74.98603092,349272.2,82.27362614,5369.0,424525.1077
Kenya,KEN,2005,YR2005,4.28,11.90867764,21.69526291,57.06016922,8.357140814,4160.0,71.66236003,358193.9,81.22574422,5805.0,440985.6794
Kenya,KEN,2006,YR2006,4.93,12.79501379,22.86313248,58.46577454,8.183793854,4416.0,70.34087289,368256.6,79.76778456,6278.0,461660.8096
Kenya,KEN,2007,YR2007,5.65,13.69326717,24.04897118,59.88284683,7.826120143,4639.0,71.60055564,378596.4,80.26257842,6479.0,471697.2809
Kenya,KEN,2008,YR2008,6.39,14.60863446,25.25732994,61.31343842,8.083107043,4154.0,63.13069909,386964.5,80.47635004,6580.0,480842.5082
Kenya,KEN,2009,YR2009,7.24,8.1,23.0,65.6,8.285733555,3746.0,55.29151292,395843.5,78.14866866,6775.0,506526.2234
Kenya,KEN,2010,YR2010,8.02,6.7,19.2,58.2,7.982760736,5107.0,69.06951582,410232.9,76.27312323,7394.0,537847.2555
Kenya,KEN,2011,YR2011,8.95,17.43544432,28.99655342,65.67305756,7.67933551,5186.0,66.87298517,421043.3,77.0836394,7755.0,546216.1663
Kenya,KEN,2012,YR2012,9.9,18.38988316,30.27099991,67.14292908,7.434618378,6107.0,74.77653973,434478.1,78.49761951,8167.0,553492.0711
Kenya,KEN,2013,YR2013,10.74,19.34442919,31.55445671,68.6181488,7.439852612,6150.0,69.28796755,446120.1,77.13674631,8876.0,578349.647
Kenya,KEN,2014,YR2014,11.83,12.6,36.0,68.4,7.825663741,7544.0,81.48628213,461914.3,75.5181686,9258.0,611659.8278
Kenya,KEN,2015,YR2015,12.76,16.0,41.6,78.1,7.845690551,8446.0,87.51424723,475941.6,72.66275251,9651.0,655000.7859
Kenya,KEN,2016,YR2016,13.42,39.3,56.0,77.6,14.771833664140127,3368.3241758241757,34.7871172652967,272602.86246153846,69.80962819497469,16413.205555555556,500494.0735054395
Eritrea,ERI,1990,YR1990,20.177310924369753,5.852079712,17.8409462,81.73100281,14.771833664140127,0.0,0.0,0.0,69.80962819497469,16413.205555555556,0.0
Eritrea,ERI,1991,YR1991,20.177310924369753,7.181948842,19.01162148,81.46099091,14.771833664140127,0.0,0.0,0.0,69.80962819497469,16413.205555555556,0.0
Eritrea,ERI,1992,YR1992,20.177310924369753,8.507366726,20.18178749,81.1907959,10.60171651,0.0,0.0,23151.79,89.82007496,146.0,25775.74112
Eritrea,ERI,1993,YR1993,20.177310924369753,9.824343582,21.34889221,80.91957855,9.81029892,0.0,0.0,23151.79,83.56583446,151.0,27704.85109
Eritrea,ERI,1994,YR1994,20.177310924369753,11.13258327,22.50988197,80.64629364,8.347867426,0.0,0.0,23244.19,80.09388036,161.0,29021.18101
Eritrea,ERI,1995,YR1995,20.177310924369753,2.1,22.9,80.6,8.522650169,0.0,0.0,23973.28,77.89126842,172.0,30777.87856
Eritrea,ERI,1996,YR1996,20.177310924369753,13.70354123,24.80126762,80.08942413,8.188041012,0.0,0.0,24621.78,76.37714613,193.0,32237.10396
Eritrea,ERI,1997,YR1997,20.177310924369753,14.96211929,25.92554474,79.80377197,7.540050547,1.0,0.46728972,25388.64,77.60116716,214.0,32716.8275
Eritrea,ERI,1998,YR1998,20.177310924369753,16.19702122,27.03146935,79.51194,4.816401169,1.0,0.512820513,16022.38,75.0037673,195.0,21362.1003
Eritrea,ERI,1999,YR1999,20.177310924369753,17.40610236,28.11598015,79.21289063,4.99325873,1.0,0.46728972,16511.83,76.12965999,214.0,21689.08938
Eritrea,ERI,2000,YR2000,6.08,18.58881788,29.17753792,78.90624237,5.202372723,1.0,0.476190476,16971.46,76.78294418,210.0,22103.1639
Eritrea,ERI,2001,YR2001,6.49,19.74851837,30.22068596,78.59416199,5.012197676,1.0,0.429184549,17667.94,74.84507415,233.0,23606.01576
Eritrea,ERI,2002,YR2002,7.07,3.0,32.2,78.3,4.909889205,1.0,0.386100386,18262.18,74.82740811,259.0,24405.73643
Eritrea,ERI,2003,YR2003,7.56,22.03185826,32.27600479,77.96497345,5.401414367,1.0,0.36101083,18738.67,75.04375271,277.0,24970.32641
Eritrea,ERI,2004,YR2004,7.88,23.16888975,33.30030441,77.65350342,4.93940932,1.0,0.35335689,13819.59,70.09946258,283.0,19714.25956
Eritrea,ERI,2005,YR2005,8.76,24.31261242,34.33044434,77.34786224,4.934520932,1.0,0.347222222,14404.96,74.85983684,288.0,19242.57467
Eritrea,ERI,2006,YR2006,9.3,25.47125877,35.37248611,77.05088043,4.539424853,2.0,0.743494424,14855.18,78.56224438,269.0,18908.80297
Eritrea,ERI,2007,YR2007,9.96,26.65122509,36.43249893,76.7653656,4.622240519,2.0,0.694444444,15265.34,80.02334858,288.0,19076.1075
Eritrea,ERI,2008,YR2008,10.58,27.85920245,37.51503372,76.49336243,4.820060099,2.0,0.696864111,15662.61,81.89847013,287.0,19124.42317
Eritrea,ERI,2009,YR2009,11.37,29.09339244,38.61859512,76.23386383,4.965969665,2.0,0.677966102,16188.98,81.80609533,295.0,19789.45448
Eritrea,ERI,2010,YR2010,12.13,30.35268022,39.74018097,75.9850769,4.987258784,2.0,0.643086817,16572.72,81.24659878,311.0,20398.04773
Eritrea,ERI,2011,YR2011,12.73,31.63364134,40.87678528,75.74521637,4.705405031,2.0,0.59347181,17007.93,80.75144845,337.0,21062.07421
Eritrea,ERI,2012,YR2012,13.4,33.14843628,42.02540588,75.51249695,4.808554763,2.0,0.557103064,17366.2,80.22989797,359.0,21645.54666
Eritrea,ERI,2013,YR2013,14.01,34.67321029,43.1830368,75.28513336,4.868904124,2.0,0.540540541,17749.65,80.23314394,363.0,22122.59065
Eritrea,ERI,2014,YR2014,14.78,36.20463863,44.34667587,75.06134033,4.741396717,2.0,0.515463918,18154.01,79.9301497,370.0,22712.3433
Eritrea,ERI,2015,YR2015,15.6,37.73939653,45.51332092,74.83933258,4.828972556,2.0,0.492610837,18744.96,79.7674723,406.0,23499.50357
Eritrea,ERI,2016,YR2016,16.32,39.27470293,46.68046188,74.61762238,14.771833664140127,3368.3241758241757,34.7871172652967,272602.86246153846,69.80962819497469,16413.205555555556,500494.0735054395
"Egypt, Arab Rep.",EGY,1990,YR1990,20.177310924369753,90.24544528,93.95646667,98.78084564,3.98089541,9932.0,23.50435441,74901.56,8.50246618,42256.0,880939.2289
"Egypt, Arab Rep.",EGY,1991,YR1991,20.177310924369753,90.85498782,94.31864929,98.84590149,3.940612076,9900.0,22.34964782,77488.67,9.052034733,44296.0,856035.9332
"Egypt, Arab Rep.",EGY,1992,YR1992,20.177310924369753,87.9,93.4,98.4,3.871970306,9700.0,21.23560576,77426.89,8.715058342,45678.0,888426.5252
"Egypt, Arab Rep.",EGY,1993,YR1993,20.177310924369753,92.06096772,95.03894043,98.9737854,3.901866598,10485.0,21.93698217,81250.38,8.839282691,47796.0,919196.5326
"Egypt, Arab Rep.",EGY,1994,YR1994,20.177310924369753,92.64881609,95.39144135,99.03503418,3.610311321,10971.0,22.25174428,86092.79,9.82896842,49304.0,875908.705
"Egypt, Arab Rep.",EGY,1995,YR1995,20.177310924369753,91.9,95.5,99.0,3.66903321,11413.0,21.94807692,85063.05,9.00303479,52000.0,944826.4056
"Egypt, Arab Rep.",EGY,1996,YR1996,20.177310924369753,93.77138903,96.0658493,99.14722443,3.709221235,11555.0,20.955749,87927.71,8.678075881,55140.0,1013216.653
"Egypt, Arab Rep.",EGY,1997,YR1997,20.177310924369753,94.28788013,96.38163757,99.19612122,3.662016401,11987.0,20.51584857,90694.01,8.3447404,58428.0,1086840.401
"Egypt, Arab Rep.",EGY,1998,YR1998,20.177310924369753,94.77113095,96.67906952,99.23895264,3.771646305,12222.0,19.41047549,92229.84,8.248502183,62966.0,1118140.457
"Egypt, Arab Rep.",EGY,1999,YR1999,20.177310924369753,95.22261779,96.95509338,99.27519226,3.633996384,14683.0,21.43660121,100603.2,8.559742102,68495.0,1175306.438
"Egypt, Arab Rep.",EGY,2000,YR2000,83.28,95.9,97.7,99.5,3.290803046,13834.0,17.70344113,95898.99,8.101748497,78143.0,1183682.634
"Egypt, Arab Rep.",EGY,2001,YR2001,85.24,96.02796273,97.44282532,99.33039856,3.569468688,15351.0,18.43255445,101609.2,7.706704776,83282.0,1318451.958
"Egypt, Arab Rep.",EGY,2002,YR2002,87.71,96.39750308,97.66513062,99.35310364,3.596836142,13063.0,14.64626079,95841.02,7.259600266,89190.0,1320196.932
"Egypt, Arab Rep.",EGY,2003,YR2003,88.85,97.8,98.8,99.7,3.618392969,13387.0,14.06448631,98157.62,7.386988697,95183.0,1328790.716
"Egypt, Arab Rep.",EGY,2004,YR2004,90.28,98.90438843,98.10134888,99.80428314,3.757478828,13167.0,12.99815398,98728.38,7.543858321,101299.0,1308725.268
"Egypt, Arab Rep.",EGY,2005,YR2005,91.98,99.1,99.4,99.8,4.190676211,13196.0,12.14095133,100239.7,6.491867114,108690.0,1544081.206
"Egypt, Arab Rep.",EGY,2006,YR2006,93.14,98.71160353,99.04,99.47402191,4.144380071,13541.0,11.73325708,102639.8,6.233979494,115407.0,1646457.132
"Egypt, Arab Rep.",EGY,2007,YR2007,94.0,98.28574521,98.81959534,99.52500916,4.145413803,16341.0,13.05932278,112239.2,6.092949183,125129.0,1842116.135
"Egypt, Arab Rep.",EGY,2008,YR2008,94.6,99.3,99.8,99.9,4.018762977,15595.0,11.90094628,111083.5,5.969927859,131040.0,1860717.627
"Egypt, Arab Rep.",EGY,2009,YR2009,95.34,99.16559961,99.3794632,99.6625061,3.927917807,13996.0,10.06906475,107495.1,5.762878613,139000.0,1865302.173
"Egypt, Arab Rep.",EGY,2010,YR2010,95.99,99.48609161,99.64969635,99.67411041,3.664708293,14750.0,10.04795771,110947.9,5.724101953,146796.0,1938258.628
"Egypt, Arab Rep.",EGY,2011,YR2011,96.27,99.86694523,99.8531723,99.83491516,3.777364761,14681.0,9.326836334,113437.7,5.5846389,157406.0,2031245.028
"Egypt, Arab Rep.",EGY,2012,YR2012,96.48,99.84715271,99.7,99.53282166,3.799718901,14618.0,8.87941298,113406.3,5.554171218,164364.0,2041822.183
"Egypt, Arab Rep.",EGY,2013,YR2013,96.85,100.0,99.9950943,99.96632385,3.567258795,14926.0,8.881880393,116046.8,5.707898094,168050.0,2033091.658
"Egypt, Arab Rep.",EGY,2014,YR2014,97.11,99.8,99.8,99.9,3.714344523,15513.0,8.870907791,118541.1,5.866044914,171747.0,2020801.097
"Egypt, Arab Rep.",EGY,2015,YR2015,97.31,100.0,100.0,99.99904633,3.51107011,15030.0,8.259285514,119103.6,5.709377265,181977.0,2086104.92
"Egypt, Arab Rep.",EGY,2016,YR2016,97.62,100.0,100.0,100.0,14.771833664140127,3368.3241758241757,34.7871172652967,272602.86246153846,69.80962819497469,16413.205555555556,500494.0735054395
Somalia,SOM,1990,YR1990,20.177310924369753,0.01,0.01,0.01,23.56889372,0.0,0.0,47967.04,87.20321653,262.0,55006.0444
Somalia,SOM,1991,YR1991,20.177310924369753,26.409036520692307,0.01,1.462585092,24.41525195,0.0,0.0,49336.07,87.73981861,265.0,56229.9658
Somalia,SOM,1992,YR1992,20.177310924369753,26.409036520692307,0.01,3.697406769,29.20966027,0.0,0.0,52550.09,88.81101212,265.0,59170.6915
Somalia,SOM,1993,YR1993,20.177310924369753,26.409036520692307,0.01,5.931197643,29.5069319,0.0,0.0,53369.1,89.40206424,268.0,59695.6015
Somalia,SOM,1994,YR1994,20.177310924369753,26.409036520692307,0.024699653,8.162927628,38.1232525,0.0,0.0,54840.78,89.90810293,271.0,60996.4822
Somalia,SOM,1995,YR1995,20.177310924369753,26.409036520692307,0.136908397,10.39156532,39.0152809,0.0,0.0,56223.16,90.56541753,272.0,62080.1643
Somalia,SOM,1996,YR1996,20.177310924369753,26.409036520692307,0.525144458,12.61608028,38.88776276,0.0,0.0,58271.73,91.05081684,275.0,63999.1293
Somalia,SOM,1997,YR1997,20.177310924369753,26.409036520692307,0.950777709,14.83544254,41.52828223,0.0,0.0,61080.14,91.72618452,276.0,66589.6443
Somalia,SOM,1998,YR1998,20.177310924369753,26.409036520692307,2.487471581,17.04862022,41.622151,0.0,0.0,63366.69,92.47009098,276.0,68526.6872
Somalia,SOM,1999,YR1999,20.177310924369753,26.409036520692307,4.002751827,19.25458336,41.6744668,0.0,0.0,65852.18,92.9045018,278.0,70881.58133
Somalia,SOM,2000,YR2000,0.64,26.409036520692307,5.495079517,21.4529438,40.9949666,0.0,0.0,66432.6,93.28312275,250.0,71216.09788
Somalia,SOM,2001,YR2001,0.69,26.409036520692307,6.968997478,23.64587402,41.3391511,0.0,0.0,68225.35,93.26167986,261.0,73154.75134
Somalia,SOM,2002,YR2002,0.75,0.5,7.4,22.2,41.58258049,0.0,0.0,70286.01,92.58001078,274.0,75919.20697
Somalia,SOM,2003,YR2003,0.82,0.385188014,9.885855675,28.02671051,42.02764569,0.0,0.0,72763.25,92.80168464,280.0,78407.25121
Somalia,SOM,2004,YR2004,0.88,1.281978323,11.34092236,30.22025108,41.94011899,0.0,0.0,74961.05,92.99795992,280.0,80605.04775
Somalia,SOM,2005,YR2005,0.95,2.165793986,12.80183125,32.41962814,41.89977318,0.0,0.0,77121.15,93.30414196,290.0,82655.65535
Somalia,SOM,2006,YR2006,1.02,2.697795071,15.23378582,38.1155303,42.38316824,0.0,0.0,79397.89,93.4677898,300.0,84946.79308
Somalia,SOM,2007,YR2007,1.11,3.920335149,15.76542854,36.8471489,42.10351796,0.0,0.0,81548.45,93.02043859,311.0,87667.23877
Somalia,SOM,2008,YR2008,1.2,4.804419474,17.2787323,39.08016205,42.87839846,0.0,0.0,83820.85,93.36806803,324.0,89774.64327
Somalia,SOM,2009,YR2009,1.29,5.691487238,18.81306267,41.32567215,43.15567078,0.0,0.0,86164.0,93.63149641,327.0,92024.58927
Somalia,SOM,2010,YR2010,1.41,6.578219541,20.36541748,43.58189392,43.35269543,0.0,0.0,88592.58,93.57214496,327.0,94678.36827
Somalia,SOM,2011,YR2011,1.56,7.460173376,21.93279076,45.8470459,42.89679146,0.0,0.0,89557.25,93.64950584,334.0,95630.243
Somalia,SOM,2012,YR2012,1.68,8.332191293,23.51218033,48.11933899,41.93560631,0.0,0.0,91799.25,93.89456064,340.0,97768.443
Somalia,SOM,2013,YR2013,1.82,9.189574316,25.10058212,50.39698792,40.87307325,0.0,0.0,97902.68,94.23044997,350.0,103897.0736
Somalia,SOM,2014,YR2014,1.97,10.02823633,26.69499207,52.6782074,40.06923885,0.0,0.0,101566.5,94.42694974,350.0,107560.9244
Somalia,SOM,2015,YR2015,2.12,10.84334807,28.29240417,54.96121216,14.771833664140127,0.0,0.0,98912.04,94.28596661,350.0,104906.4283
Somalia,SOM,2016,YR2016,2.34,11.6313767,29.89031792,57.24451828,14.771833664140127,3368.3241758241757,34.7871172652967,272602.86246153846,69.80962819497469,16413.205555555556,500494.0735054395
South Sudan,SSD,1990,YR1990,20.177310924369753,0.01,0.01,0.01,14.771833664140127,0.0,0.0,0.0,69.80962819497469,0.0,0.0
South Sudan,SSD,1991,YR1991,20.177310924369753,0.01,0.01,0.01,14.771833664140127,0.0,0.0,0.0,69.80962819497469,0.0,0.0
South Sudan,SSD,1992,YR1992,20.177310924369753,0.01,0.01,0.01,14.771833664140127,0.0,0.0,0.0,69.80962819497469,0.0,0.0
South Sudan,SSD,1993,YR1993,20.177310924369753,0.01,0.01,0.01,14.771833664140127,0.0,0.0,0.0,69.80962819497469,0.0,0.0
South Sudan,SSD,1994,YR1994,20.177310924369753,0.01,0.01,0.01,14.771833664140127,0.0,0.0,0.0,69.80962819497469,0.0,0.0
South Sudan,SSD,1995,YR1995,20.177310924369753,0.01,0.01,0.01,14.771833664140127,0.0,0.0,0.0,69.80962819497469,0.0,0.0
South Sudan,SSD,1996,YR1996,20.177310924369753,0.01,0.01,0.01,14.771833664140127,0.0,0.0,0.0,69.80962819497469,0.0,0.0
South Sudan,SSD,1997,YR1997,20.177310924369753,0.01,0.01,0.01,14.771833664140127,0.0,0.0,0.0,69.80962819497469,0.0,0.0
South Sudan,SSD,1998,YR1998,20.177310924369753,0.01,0.01,0.01,14.771833664140127,0.0,0.0,0.0,69.80962819497469,0.0,0.0
South Sudan,SSD,1999,YR1999,20.177310924369753,0.01,0.01,0.01,14.771833664140127,0.0,0.0,0.0,69.80962819497469,0.0,0.0
South Sudan,SSD,2000,YR2000,0.5,0.007658856,0.01,0.021844171,14.771833664140127,0.0,0.0,0.0,69.80962819497469,0.0,0.0
South Sudan,SSD,2001,YR2001,0.51,26.409036520692307,0.01,0.11761862,14.771833664140127,0.0,0.0,0.0,69.80962819497469,0.0,0.0
South Sudan,SSD,2002,YR2002,0.51,26.409036520692307,0.01,0.46833837,14.771833664140127,0.0,0.0,0.0,69.80962819497469,0.0,0.0
South Sudan,SSD,2003,YR2003,0.52,26.409036520692307,0.01,0.768026888,14.771833664140127,0.0,0.0,0.0,69.80962819497469,0.0,0.0
South Sudan,SSD,2004,YR2004,0.54,26.409036520692307,0.011315047,2.349430323,14.771833664140127,0.0,0.0,0.0,69.80962819497469,0.0,0.0
South Sudan,SSD,2005,YR2005,0.53,26.409036520692307,0.033698916,3.93666935,14.771833664140127,0.0,0.0,0.0,69.80962819497469,0.0,0.0
South Sudan,SSD,2006,YR2006,0.53,26.409036520692307,0.15520826,5.532559872,14.771833664140127,0.0,0.0,0.0,69.80962819497469,0.0,0.0
South Sudan,SSD,2007,YR2007,0.56,26.409036520692307,0.502949536,7.139918327,14.771833664140127,0.0,0.0,0.0,69.80962819497469,0.0,0.0
South Sudan,SSD,2008,YR2008,0.57,26.409036520692307,1.021752357,8.760793686,14.771833664140127,0.0,0.0,0.0,69.80962819497469,0.0,0.0
South Sudan,SSD,2009,YR2009,0.59,0.6,3.0,16.6,14.771833664140127,0.0,0.0,0.0,69.80962819497469,0.0,0.0
South Sudan,SSD,2010,YR2010,0.56,0.7,1.5,4.0,14.771833664140127,0.0,0.0,0.0,69.80962819497469,0.0,0.0
South Sudan,SSD,2011,YR2011,0.58,1.770266397,3.918669462,13.69126892,14.771833664140127,0.0,0.0,0.0,69.80962819497469,0.0,0.0
South Sudan,SSD,2012,YR2012,0.59,2.589713908,4.912345409,15.35142517,1.37431574,2.0,0.449438202,6858.431,30.19682128,445.0,22712.42704
South Sudan,SSD,2013,YR2013,0.58,3.413329987,5.915032864,17.01693726,1.277479578,2.0,0.423728814,6539.749,29.70165497,472.0,22018.12999
South Sudan,SSD,2014,YR2014,0.62,4.237627197,6.923728466,18.6860218,1.298348898,2.0,0.409836066,6786.686,29.82963329,488.0,22751.48988
South Sudan,SSD,2015,YR2015,0.63,5.058768381,7.935427666,20.35689163,1.08609817,2.0,0.606060606,6898.052,39.07438432,330.0,17653.6422
South Sudan,SSD,2016,YR2016,0.64,5.873395885,8.947628021,22.0280571,14.771833664140127,3368.3241758241757,34.7871172652967,272602.86246153846,69.80962819497469,16413.205555555556,500494.0735054395
Sudan,SDN,1990,YR1990,20.177310924369753,13.2,32.8,66.1,9.849468699,958.0,63.23432343,182666.2,73.26663513,1515.0,249317.0318
Sudan,SDN,1991,YR1991,20.177310924369753,11.36534266,27.0560112,63.94800949,9.143727191,1038.0,62.49247441,185114.4,76.16514757,1661.0,243043.4469
Sudan,SDN,1992,YR1992,20.177310924369753,11.0448532,27.57832146,64.20200348,8.573597556,1089.0,66.64626683,187900.4,77.39558664,1634.0,242779.218
Sudan,SDN,1993,YR1993,20.177310924369753,10.88816669,28.09757042,64.45496368,7.962679134,1091.0,64.70937129,190297.4,85.62816078,1686.0,222236.935
Sudan,SDN,1994,YR1994,20.177310924369753,11.48464688,28.61070251,64.70586395,9.13771021,1121.0,60.33369214,213820.0,79.48783779,1858.0,268997.127
Sudan,SDN,1995,YR1995,20.177310924369753,12.068807,29.11465645,64.95367432,8.652987571,972.0,52.14592275,215455.6,81.47140198,1864.0,264455.4957
Sudan,SDN,1996,YR1996,20.177310924369753,12.63816389,29.60637474,65.19735718,8.36858451,1074.0,52.06010664,228712.1,83.61051484,2063.0,273544.6617
Sudan,SDN,1997,YR1997,20.177310924369753,13.18710853,30.082798,65.4358902,7.732291701,1054.0,49.02325581,233547.6,80.54021327,2150.0,289976.3864
Sudan,SDN,1998,YR1998,20.177310924369753,13.71235233,30.54086494,65.66824341,7.496408957,1043.0,53.05188199,238892.9,81.90111294,1966.0,291684.5589
Sudan,SDN,1999,YR1999,20.177310924369753,14.21058803,30.97751999,65.89337921,8.072619289,1210.0,49.93809327,244916.3,80.84766227,2423.0,302935.5372
Sudan,SDN,2000,YR2000,14.21,2.247627726,23.0,66.11090851,7.175591513,1183.0,46.04904632,246900.7,80.42213461,2569.0,307005.9023
Sudan,SDN,2001,YR2001,15.25,15.12142102,31.78651237,66.32300568,7.057883578,1268.0,44.64788732,253565.7,79.38238941,2840.0,319423.1137
Sudan,SDN,2002,YR2002,16.57,15.54800252,32.16945648,66.53249359,7.199373332,1287.0,41.61008729,259196.5,76.75757079,3093.0,337681.9997
Sudan,SDN,2003,YR2003,17.77,15.96550062,32.54611969,66.7421875,6.496100584,1163.0,34.67501491,264690.0,76.98488736,3354.0,343820.7278
Sudan,SDN,2004,YR2004,19.14,16.38153059,32.92256165,66.95489502,6.250974714,1107.0,31.92962215,270328.6,75.38332923,3467.0,358605.2815
Sudan,SDN,2005,YR2005,20.58,16.80372222,33.3048439,67.17344666,5.924198673,1261.0,32.95870361,276860.9,72.43320435,3826.0,382229.2587
Sudan,SDN,2006,YR2006,22.19,17.23973224,33.69903183,67.4006424,5.781517441,1370.0,30.3030303,294756.3,69.35097753,4521.0,425021.1179
Sudan,SDN,2007,YR2007,23.73,17.69722191,34.11118698,67.63930511,5.013360414,1451.0,28.89862577,272427.1,65.72483062,5021.0,414496.4657
Sudan,SDN,2008,YR2008,25.38,18.18199647,34.54586411,67.89148712,4.72534466,1463.0,26.57101344,269624.5,63.65773578,5506.0,423553.3933
Sudan,SDN,2009,YR2009,26.97,15.0,29.0,58.0,4.734527711,3228.0,49.73039593,282165.1,63.28098443,6491.0,445892.3997
Sudan,SDN,2010,YR2010,28.94,19.18430622,35.47529984,68.43156433,4.67527841,6202.0,82.70436058,293882.7,61.44174976,7499.0,478311.0852
Sudan,SDN,2011,YR2011,30.82,19.69499114,35.96404648,68.71588898,4.75433506,6467.0,76.48728563,297181.4,63.97146086,8455.0,464553.0929
Sudan,SDN,2012,YR2012,32.75,20.20696162,36.46480942,69.00734711,4.179895352,6619.0,70.14624841,246916.0,59.81755319,9436.0,412781.8455
Sudan,SDN,2013,YR2013,34.71,20.71747981,36.97458649,69.3041687,4.133582426,8315.0,80.8537534,255872.0,61.30915496,10284.0,417347.1322
Sudan,SDN,2014,YR2014,36.93,31.7,44.9,76.3,3.96863328,8913.0,78.34915612,265663.5,62.43602847,11376.0,425497.1152
Sudan,SDN,2015,YR2015,38.95,21.71871119,38.00915527,69.90673828,3.956806753,8420.0,64.53590864,268611.1,61.59674748,13047.0,436080.0059
Sudan,SDN,2016,YR2016,41.29,22.20295376,38.52844238,70.20921326,14.771833664140127,3368.3241758241757,34.7871172652967,272602.86246153846,69.80962819497469,16413.205555555556,500494.0735054395
